timestamp,url,exists,status
2021-03-01T09:37:18+09:00,https://yachiyo-covid19.netlify.app/,False,404
2021-03-01T09:37:22+09:00,https://ishikawa-covid19.netlify.app/,False,404
2021-03-01T09:37:33+09:00,https://covid19-kagawa.jp/,False,[Errno -5] No address associated with hostname
2021-03-01T09:37:34+09:00,https://covid19-kochi.netlify.app/,False,404
2021-04-01T11:37:14+09:00,https://covid19-akita.netlify.app/,False,404
2021-04-01T11:37:33+09:00,https://stopcovid19-kyoto.netlify.app/,False,404
2021-04-01T11:37:42+09:00,https://covid19-kagawa.jp/,False,[Errno -2] Name or service not known
2021-05-01T09:08:31+09:00,https://yachiyo-covid19.netlify.app/,False,404
2021-05-01T09:08:37+09:00,https://ishikawa-covid19.netlify.app/,False,404
2021-05-01T09:08:39+09:00,https://stop-covid19-nagano.netlify.app/,False,404
2021-05-01T09:08:46+09:00,https://stopcovid19.pref.shiga.jp/,False,"[SSL: CERTIFICATE_VERIFY_FAILED] certificate verify failed: Hostname mismatch, certificate is not valid for 'stopcovid19.pref.shiga.jp'. (_ssl.c:1125)"
2021-05-01T09:08:56+09:00,https://covid19-kagawa.jp/,False,[Errno -2] Name or service not known
2021-05-01T09:08:57+09:00,https://covid19-kochi.netlify.app/,False,404
2021-06-01T09:26:13+09:00,https://yachiyo-covid19.netlify.app/,False,404
2021-06-01T09:26:17+09:00,https://ishikawa-covid19.netlify.app/,False,404
2021-06-01T09:26:31+09:00,https://stopcovid19.pref.shiga.jp/,False,"[SSL: CERTIFICATE_VERIFY_FAILED] certificate verify failed: Hostname mismatch, certificate is not valid for 'stopcovid19.pref.shiga.jp'. (_ssl.c:1131)"
2021-06-01T09:26:41+09:00,https://covid19-kagawa.jp/,False,[Errno -2] Name or service not known
2021-06-01T09:26:42+09:00,https://covid19-kochi.netlify.app/,False,404
2021-07-01T09:06:37+09:00,https://yachiyo-covid19.netlify.app/,False,404
2021-07-01T09:06:43+09:00,https://ishikawa-covid19.netlify.app/,False,404
2021-07-01T09:06:51+09:00,https://stopcovid19.pref.shiga.jp/,False,"[SSL: CERTIFICATE_VERIFY_FAILED] certificate verify failed: Hostname mismatch, certificate is not valid for 'stopcovid19.pref.shiga.jp'. (_ssl.c:1131)"
2021-07-01T09:07:00+09:00,https://covid19-kagawa.jp/,False,[Errno -2] Name or service not known
2021-07-01T09:07:01+09:00,https://covid19-kochi.netlify.app/,False,404
2021-08-01T09:07:14+09:00,https://yachiyo-covid19.netlify.app/,False,404
2021-08-01T09:07:18+09:00,https://ishikawa-covid19.netlify.app/,False,404
2021-08-01T09:07:24+09:00,https://stopcovid19.pref.shiga.jp/,False,"[SSL: CERTIFICATE_VERIFY_FAILED] certificate verify failed: Hostname mismatch, certificate is not valid for 'stopcovid19.pref.shiga.jp'. (_ssl.c:1131)"
2021-08-01T09:07:34+09:00,https://covid19-kagawa.jp/,False,[Errno -2] Name or service not known
2021-08-01T09:07:35+09:00,https://covid19-kochi.netlify.app/,False,404
2021-09-01T09:08:30+09:00,https://yachiyo-covid19.netlify.app/,False,404
2021-09-01T09:08:33+09:00,https://ishikawa-covid19.netlify.app/,False,404
2021-09-01T09:08:38+09:00,https://stopcovid19.pref.shiga.jp/,False,"[SSL: CERTIFICATE_VERIFY_FAILED] certificate verify failed: Hostname mismatch, certificate is not valid for 'stopcovid19.pref.shiga.jp'. (_ssl.c:1131)"
2021-09-01T09:08:47+09:00,https://covid19-kagawa.jp/,False,[Errno -2] Name or service not known
2021-09-01T09:08:48+09:00,https://covid19-kochi.netlify.app/,False,404
2021-10-01T09:08:39+09:00,https://yachiyo-covid19.netlify.app/,False,404
2021-10-01T09:08:43+09:00,https://ishikawa-covid19.netlify.app/,False,404
2021-10-01T09:09:17+09:00,https://stopcovid19.pref.shiga.jp/,False,"[SSL: CERTIFICATE_VERIFY_FAILED] certificate verify failed: Hostname mismatch, certificate is not valid for 'stopcovid19.pref.shiga.jp'. (_ssl.c:1131)"
2021-10-01T09:09:35+09:00,https://covid19-kagawa.jp/,False,[Errno -2] Name or service not known
2021-10-01T09:09:36+09:00,https://covid19-kochi.netlify.app/,False,404
2021-11-01T09:10:00+09:00,https://yachiyo-covid19.netlify.app/,False,404
2021-11-01T09:10:04+09:00,https://ishikawa-covid19.netlify.app/,False,404
2021-11-01T09:10:08+09:00,https://stopcovid19.pref.shiga.jp/,False,"[SSL: CERTIFICATE_VERIFY_FAILED] certificate verify failed: Hostname mismatch, certificate is not valid for 'stopcovid19.pref.shiga.jp'. (_ssl.c:1131)"
2021-11-01T09:10:10+09:00,https://stopcovid19.code4nara.org/,False,[SSL: CERTIFICATE_VERIFY_FAILED] certificate verify failed: certificate has expired (_ssl.c:1131)
2021-11-01T09:10:17+09:00,https://covid19-kagawa.jp/,False,[Errno -2] Name or service not known
2021-11-01T09:10:18+09:00,https://covid19-kochi.netlify.app/,False,404
2021-12-01T09:09:56+09:00,https://yachiyo-covid19.netlify.app/,False,404
2021-12-01T09:10:01+09:00,https://ishikawa-covid19.netlify.app/,False,404
2021-12-01T09:10:06+09:00,https://stopcovid19.pref.shiga.jp/,False,"[SSL: CERTIFICATE_VERIFY_FAILED] certificate verify failed: Hostname mismatch, certificate is not valid for 'stopcovid19.pref.shiga.jp'. (_ssl.c:1131)"
2021-12-01T09:10:13+09:00,https://covid19-kagawa.jp/,False,[Errno -2] Name or service not known
2021-12-01T09:10:14+09:00,https://covid19-kochi.netlify.app/,False,404
2022-01-01T09:09:48+09:00,https://yachiyo-covid19.netlify.app/,False,404
2022-01-01T09:09:52+09:00,https://ishikawa-covid19.netlify.app/,False,404
2022-01-01T09:09:58+09:00,https://stopcovid19.pref.shiga.jp/,False,"[SSL: CERTIFICATE_VERIFY_FAILED] certificate verify failed: Hostname mismatch, certificate is not valid for 'stopcovid19.pref.shiga.jp'. (_ssl.c:1131)"
2022-01-01T09:10:06+09:00,https://kagawa.stopcovid19.jp/,False,[Errno -2] Name or service not known
2022-01-01T09:10:06+09:00,https://covid19-kagawa.jp/,False,[Errno -2] Name or service not known
2022-01-01T09:10:06+09:00,https://covid19-kochi.netlify.app/,False,404
2022-02-01T09:10:27+09:00,https://covid19.codeforaomori.org/,False,"[SSL: CERTIFICATE_VERIFY_FAILED] certificate verify failed: Hostname mismatch, certificate is not valid for 'covid19.codeforaomori.org'. (_ssl.c:1131)"
2022-02-01T09:10:34+09:00,https://yachiyo-covid19.netlify.app/,False,404
2022-02-01T09:10:40+09:00,https://ishikawa-covid19.netlify.app/,False,404
2022-02-01T09:10:44+09:00,https://stopcovid19.pref.shiga.jp/,False,"[SSL: CERTIFICATE_VERIFY_FAILED] certificate verify failed: Hostname mismatch, certificate is not valid for 'stopcovid19.pref.shiga.jp'. (_ssl.c:1131)"
2022-02-01T09:10:47+09:00,https://stopcovid19.wakayama.jp/,False,410
2022-02-01T09:10:52+09:00,https://kagawa.stopcovid19.jp/,False,[Errno -2] Name or service not known
2022-02-01T09:10:52+09:00,https://covid19-kagawa.jp/,False,[Errno -2] Name or service not known
2022-02-01T09:10:54+09:00,https://covid19-kochi.netlify.app/,False,404
2022-03-01T09:17:51+09:00,https://covid19.codeforaomori.org/,False,"[SSL: CERTIFICATE_VERIFY_FAILED] certificate verify failed: Hostname mismatch, certificate is not valid for 'covid19.codeforaomori.org'. (_ssl.c:1131)"
2022-03-01T09:18:03+09:00,https://yachiyo-covid19.netlify.app/,False,404
2022-03-01T09:18:13+09:00,https://ishikawa-covid19.netlify.app/,False,404
2022-03-01T09:18:18+09:00,https://mie.stopcovid19.jp/,False,[Errno -2] Name or service not known
2022-03-01T09:18:18+09:00,https://stopcovid19.pref.shiga.jp/,False,"[SSL: CERTIFICATE_VERIFY_FAILED] certificate verify failed: Hostname mismatch, certificate is not valid for 'stopcovid19.pref.shiga.jp'. (_ssl.c:1131)"
2022-03-01T09:18:21+09:00,https://stopcovid19.wakayama.jp/,False,410
2022-03-01T09:18:27+09:00,https://kagawa.stopcovid19.jp/,False,[Errno -2] Name or service not known
2022-03-01T09:18:27+09:00,https://covid19-kagawa.jp/,False,[Errno -2] Name or service not known
2022-03-01T09:18:28+09:00,https://covid19-kochi.netlify.app/,False,404
2022-03-01T09:18:32+09:00,https://stopcovid19.code4saga.org/,False,[SSL: CERTIFICATE_VERIFY_FAILED] certificate verify failed: certificate has expired (_ssl.c:1131)
2022-04-01T09:15:27+09:00,https://covid19.codeforaomori.org/,False,"[SSL: CERTIFICATE_VERIFY_FAILED] certificate verify failed: Hostname mismatch, certificate is not valid for 'covid19.codeforaomori.org'. (_ssl.c:1131)"
2022-04-01T09:15:40+09:00,https://yachiyo-covid19.netlify.app/,False,404
2022-04-01T09:15:52+09:00,https://ishikawa-covid19.netlify.app/,False,404
2022-04-01T09:16:04+09:00,https://mie.stopcovid19.jp/,False,[Errno -2] Name or service not known
2022-04-01T09:16:05+09:00,https://stopcovid19.pref.shiga.jp/,False,"[SSL: CERTIFICATE_VERIFY_FAILED] certificate verify failed: Hostname mismatch, certificate is not valid for 'stopcovid19.pref.shiga.jp'. (_ssl.c:1131)"
2022-04-01T09:16:08+09:00,https://stopcovid19.wakayama.jp/,False,410
2022-04-01T09:16:16+09:00,https://kagawa.stopcovid19.jp/,False,[Errno -2] Name or service not known
2022-04-01T09:16:16+09:00,https://covid19-kagawa.jp/,False,[Errno -2] Name or service not known
2022-04-01T09:16:17+09:00,https://covid19-kochi.netlify.app/,False,404
2022-04-01T09:16:21+09:00,https://stopcovid19.code4saga.org/,False,[SSL: CERTIFICATE_VERIFY_FAILED] certificate verify failed: certificate has expired (_ssl.c:1131)
2025-03-01T10:47:02+09:00,https://stopcovid19.metro.tokyo.lg.jp/,False,[Errno -3] Temporary failure in name resolution
2025-03-01T10:47:04+09:00,https://stopcovid19.pref.aomori.lg.jp/,False,"[SSL: CERTIFICATE_VERIFY_FAILED] certificate verify failed: Hostname mismatch, certificate is not valid for 'stopcovid19.pref.aomori.lg.jp'. (_ssl.c:1131)"
2025-03-01T10:49:19+09:00,https://covid19.codeforaomori.org/,False,[Errno 110] Connection timed out
2025-03-01T10:49:19+09:00,https://covid19-daily-tohoku.news/,False,[Errno -2] Name or service not known
2025-03-01T10:49:20+09:00,https://fukushima-covid19.firebaseapp.com/,False,404
2025-03-01T10:49:21+09:00,https://stopcovid19-ibaraki.jp/,False,[Errno -2] Name or service not known
2025-03-01T10:49:21+09:00,https://covid19-tochigi.netlify.com/,False,404
2025-03-01T10:49:21+09:00,https://stopcovid19.pref.gunma.jp/,False,[Errno -2] Name or service not known
2025-03-01T10:49:22+09:00,https://covid19.civictech.chiba.jp/,False,[Errno -2] Name or service not known
2025-03-01T10:49:23+09:00,https://yachiyo-covid19.netlify.app/,False,404
2025-03-01T10:49:24+09:00,https://www.pref.kanagawa.jp/osirase/1369/,False,403
2025-03-01T10:49:24+09:00,https://covid19.yokohama/,False,[Errno -2] Name or service not known
2025-03-01T10:51:55+09:00,https://niigata.stopcovid19.jp/,False,[Errno 104] Connection reset by peer
2025-03-01T10:51:55+09:00,https://stopcovid19.pref.ishikawa.jp/,False,[Errno -2] Name or service not known
2025-03-01T10:51:55+09:00,https://ishikawa-covid19.netlify.app/,False,404
2025-03-01T10:51:58+09:00,https://stopcovid19.city.shizuoka.lg.jp/,False,[Errno -2] Name or service not known
2025-03-01T10:52:00+09:00,https://mie.stopcovid19.jp/,False,[Errno -2] Name or service not known
2025-03-01T10:52:00+09:00,https://stopcovid19.pref.shiga.jp/,False,[Errno -2] Name or service not known
2025-03-01T10:52:00+09:00,https://kyoto.stopcovid19.jp/,False,"[SSL: CERTIFICATE_VERIFY_FAILED] certificate verify failed: Hostname mismatch, certificate is not valid for 'kyoto.stopcovid19.jp'. (_ssl.c:1131)"
2025-03-01T10:52:01+09:00,https://covid19-osaka.info/,False,[SSL: TLSV1_ALERT_INTERNAL_ERROR] tlsv1 alert internal error (_ssl.c:1131)
2025-03-01T10:52:03+09:00,https://stopcovid19.wakayama.jp/,False,[Errno -2] Name or service not known
2025-03-01T10:52:05+09:00,https://hiroshima.stopcovid19.jp/,False,[Errno -2] Name or service not known
2025-03-01T10:52:06+09:00,https://stopcovid19-hiroshima-city.hiroshima-cu.ac.jp/,False,[Errno -2] Name or service not known
2025-03-01T10:52:07+09:00,https://covid19-yamaguchi.netlify.app/,False,"[SSL: CERTIFICATE_VERIFY_FAILED] certificate verify failed: Hostname mismatch, certificate is not valid for 'yamaguchi.stopcovid19.jp'. (_ssl.c:1131)"
2025-03-01T10:52:07+09:00,https://kagawa.stopcovid19.jp/,False,[Errno -2] Name or service not known
2025-03-01T10:52:07+09:00,https://covid19-kagawa.jp/,False,[Errno -2] Name or service not known
2025-03-01T10:52:09+09:00,https://covid19-kochi.netlify.app/,False,404
2025-03-01T10:54:22+09:00,https://fukuoka.stopcovid19.jp/,False,[Errno 110] Connection timed out
2025-03-01T10:56:37+09:00,https://stopcovid19.codeforfukuoka.org/,False,[Errno 110] Connection timed out
2025-03-01T10:56:37+09:00,https://stopcovid19-kitakyushu.jp/,False,[Errno -2] Name or service not known
2025-03-01T10:58:53+09:00,https://stopcovid19.code4saga.org/,False,[Errno 110] Connection timed out
2025-03-01T10:58:53+09:00,https://oita.stopcovid19.jp/,False,"[SSL: CERTIFICATE_VERIFY_FAILED] certificate verify failed: Hostname mismatch, certificate is not valid for 'oita.stopcovid19.jp'. (_ssl.c:1131)"
2025-03-01T10:58:57+09:00,https://covid19.wlaboratory.com/,False,403
